type,family,on_site,asin,sku,detail
sibling_not_placed,Pro-3-Cartoon.,yes,B0G2WP1HRF,Pro-3-Yoda,not Meyaar brand or no main image
sibling_not_placed,Pro-3-Cartoon.,yes,B0FQ7V556W,Pro3-(Star-Pink,not Meyaar brand or no main image
sibling_not_placed,Pro-3-Cartoon.,yes,B092RKKF2V,Pro3-Corona_Extra_Beer-AP-1/2,ASIN appears on several report rows
sibling_not_placed,Pro-3-Cartoon.,yes,B0FQ81VB1Q,Pro3-Sponge-BOB,not Meyaar brand or no main image
sibling_not_placed,ZG-HLPC-YGAN,yes,B09GTJ88MT,Boat--131-(Green)),not Meyaar brand or no main image
sibling_not_placed,ZG-HLPC-YGAN,yes,B09P82ZWDB,Boat-131-(GREY),not Meyaar brand or no main image
duplicate_asin,(standalone),no,B07YQ8T6WW,iphone-11-OG-Back-(Green)-FBA,parentage=- | theme=- | colour=- | size=- | band=- | status=Active | cf2592f4-0_BACKPACK-PHONE_ACCESSORY.xlsm:237
duplicate_asin,(standalone),no,B07YQ8T6WW,iphone_11_6.1_(Green),parentage=- | theme=- | colour=- | size=- | band=- | status=Active | cf2592f4-0_BACKPACK-PHONE_ACCESSORY.xlsm:244
duplicate_asin,Y8-ES7D-ZW0E,no,B08TW1QF1H,AP-(Pro)-Armor-(Bluee),parentage=Child | theme=COLOR | colour=Light Blue | size=- | band=- | status=Active | efe5692f-1_PORTABLE_ELECTRONIC_DEVICE_COVER-WEARABLE_COMPUTER.xlsm:260
duplicate_asin,Y8-ES7D-ZW0E,no,B08TW1QF1H,AP4-Camo-(Khaki,parentage=Child | theme=COLOR | colour=Camouflage Black | size=- | band=- | status=Active | efe5692f-1_PORTABLE_ELECTRONIC_DEVICE_COVER-WEARABLE_COMPUTER.xlsm:336
duplicate_asin,(standalone),no,B091DC7N3Z,HR-K013-Mobile-ES-(Blue),parentage=- | theme=- | colour=- | size=- | band=- | status=Active | cf2592f4-0_BACKPACK-PHONE_ACCESSORY.xlsm:381
duplicate_asin,(standalone),no,B091DC7N3Z,Mobile_phn_ES_01_blue,parentage=- | theme=- | colour=- | size=- | band=- | status=Active | cf2592f4-0_BACKPACK-PHONE_ACCESSORY.xlsm:384
duplicate_asin,1M-NL6L-4F47,no,B092RKKF2V,Corona_Extra_Beer-AP-1/2,parentage=Child | theme=COLOR | colour=Corona-Beer-Yellow | size=- | band=- | status=Active | efe5692f-1_PORTABLE_ELECTRONIC_DEVICE_COVER-WEARABLE_COMPUTER.xlsm:481
duplicate_asin,Pro-3-Cartoon.,yes,B092RKKF2V,Pro3-Corona_Extra_Beer-AP-1/2,parentage=Child | theme=COLOR | colour=Yellow BR | size=- | band=- | status=Active | efe5692f-1_PORTABLE_ELECTRONIC_DEVICE_COVER-WEARABLE_COMPUTER.xlsm:748
duplicate_asin,(standalone),no,B095ZYMNZH,0666__White,parentage=- | theme=- | colour=- | size=- | band=- | status=Active | cf2592f4-0_BACKPACK-PHONE_ACCESSORY.xlsm:419
duplicate_asin,(standalone),no,B095ZYMNZH,RP-2280-(Whitee),parentage=- | theme=- | colour=- | size=- | band=- | status=Active | cf2592f4-0_BACKPACK-PHONE_ACCESSORY.xlsm:480
duplicate_asin,Airpods 3rd Gen,no,B09NTY4727,3rd_Gen_(Rainbow),parentage=Child | theme=COLOR | colour=Rainbow | size=- | band=- | status=Active | efe5692f-1_PORTABLE_ELECTRONIC_DEVICE_COVER-WEARABLE_COMPUTER.xlsm:241
duplicate_asin,(standalone),no,B09NTY4727,Airpods 3rd Gen-(Rainbow),parentage=- | theme=- | colour=- | size=- | band=- | status=Active | efe5692f-1_PORTABLE_ELECTRONIC_DEVICE_COVER-WEARABLE_COMPUTER.xlsm:356
duplicate_asin,Galaxy Watch 4 (Silicon),no,B09ZMH17XH,Galaxy_Watch.4_Silicon.strap-(Wine),parentage=Child | theme=BAND_COLOR (Deprecated: Do Not Use) | colour=- | size=One Size | band=Wine Red | status=Active | efe5692f-1_PORTABLE_ELECTRONIC_DEVICE_COVER-WEARABLE_COMPUTER.xlsm:1420
duplicate_asin,Galaxy Watch 4 (Silicon),no,B09ZMH17XH,W-4-Soft.strap-(Wine),parentage=Child | theme=BAND_COLOR (Deprecated: Do Not Use) | colour=Multicolour | size=One Size | band=Wine | status=Active | efe5692f-1_PORTABLE_ELECTRONIC_DEVICE_COVER-WEARABLE_COMPUTER.xlsm:1594
duplicate_asin,Galaxy Watch 4 (Silicon),no,B09ZMXZFDD,Galaxy_Watch.4_Silicon.strap-(Black),parentage=Child | theme=BAND_COLOR (Deprecated: Do Not Use) | colour=- | size=One Size | band=Black | status=Active | efe5692f-1_PORTABLE_ELECTRONIC_DEVICE_COVER-WEARABLE_COMPUTER.xlsm:1417
duplicate_asin,Galaxy Watch 4 (Silicon),no,B09ZMXZFDD,W-4-Soft.strap-(BLK),parentage=Child | theme=BAND_COLOR (Deprecated: Do Not Use) | colour=Multicolour | size=One Size | band=Black | status=Active | efe5692f-1_PORTABLE_ELECTRONIC_DEVICE_COVER-WEARABLE_COMPUTER.xlsm:1587
duplicate_asin,Galaxy Watch 4 (Silicon),no,B09ZMZD8Z5,Galaxy_Watch.4_Silicon.strap-(Off.pink),parentage=Child | theme=BAND_COLOR (Deprecated: Do Not Use) | colour=- | size=One Size | band=- | status=Active | efe5692f-1_PORTABLE_ELECTRONIC_DEVICE_COVER-WEARABLE_COMPUTER.xlsm:1419
duplicate_asin,Galaxy Watch 4 (Silicon),no,B09ZMZD8Z5,W-4-Soft.strap-(Pink,parentage=Child | theme=BAND_COLOR (Deprecated: Do Not Use) | colour=Multicolour | size=One Size | band=Off Pink | status=Active | efe5692f-1_PORTABLE_ELECTRONIC_DEVICE_COVER-WEARABLE_COMPUTER.xlsm:1591
duplicate_asin,Galaxy Watch 4 (Silicon),no,B09ZMZFXXH,Galaxy_Watch.4_Silicon.strap-(Grey),parentage=Child | theme=BAND_COLOR (Deprecated: Do Not Use) | colour=- | size=One Size | band=Grey | status=Active | efe5692f-1_PORTABLE_ELECTRONIC_DEVICE_COVER-WEARABLE_COMPUTER.xlsm:1418
duplicate_asin,Galaxy Watch 4 (Silicon),no,B09ZMZFXXH,W-4-Soft.strap-(Grey),parentage=Child | theme=BAND_COLOR (Deprecated: Do Not Use) | colour=Multicolour | size=One Size | band=Grey | status=Active | efe5692f-1_PORTABLE_ELECTRONIC_DEVICE_COVER-WEARABLE_COMPUTER.xlsm:1589
duplicate_asin,22mm chain,no,B0B1Q5C77R,22mm-Chain-(Black),parentage=Child | theme=BAND_COLOR (Deprecated: Do Not Use) | colour=Multicolour | size=One Size | band=Black | status=Removed | efe5692f-1_PORTABLE_ELECTRONIC_DEVICE_COVER-WEARABLE_COMPUTER.xlsm:1193
duplicate_asin,22mm chain,no,B0B1Q5C77R,22mm-Chain-Magnetic-(Black),parentage=Child | theme=BAND_COLOR (Deprecated: Do Not Use) | colour=- | size=One Size | band=Black | status=Removed | efe5692f-1_PORTABLE_ELECTRONIC_DEVICE_COVER-WEARABLE_COMPUTER.xlsm:1222
duplicate_asin,22mm chain,no,B0B1Q7RW8M,22mm-Chain-(Silver),parentage=Child | theme=BAND_COLOR (Deprecated: Do Not Use) | colour=Multicolour | size=One Size | band=Silver | status=Active | efe5692f-1_PORTABLE_ELECTRONIC_DEVICE_COVER-WEARABLE_COMPUTER.xlsm:1218
duplicate_asin,22mm chain,no,B0B1Q7RW8M,22mm-Chain-Magnetic-(Silver),parentage=Child | theme=BAND_COLOR (Deprecated: Do Not Use) | colour=- | size=One Size | band=Silver | status=Active | efe5692f-1_PORTABLE_ELECTRONIC_DEVICE_COVER-WEARABLE_COMPUTER.xlsm:1223
duplicate_asin,Realme Band 2,no,B0B64S2WLW,18mm-RB-2(Silicone)-(WHITE),parentage=Child | theme=BAND_COLOR (Deprecated: Do Not Use) | colour=- | size=One Size | band=- | status=Active | efe5692f-1_PORTABLE_ELECTRONIC_DEVICE_COVER-WEARABLE_COMPUTER.xlsm:1148
duplicate_asin,Realme Band 2,no,B0B64S2WLW,18mm-RB-2(Silicone)-(WHITE.,parentage=Child | theme=BAND_COLOR (Deprecated: Do Not Use) | colour=Multi colour | size=One Size | band=White | status=Active | efe5692f-1_PORTABLE_ELECTRONIC_DEVICE_COVER-WEARABLE_COMPUTER.xlsm:1149
duplicate_asin,Charger-Without-Cable,no,B0BYW4XC7Q,Charger-Case-(NightFury),parentage=Child | theme=COLOR | colour=Night-Fury (Black) | size=- | band=- | status=Active | cf2592f4-0_BACKPACK-PHONE_ACCESSORY.xlsm:342
duplicate_asin,(standalone),no,B0BYW4XC7Q,Charger-Case-(NightFury1,parentage=- | theme=TEAM_NAME | colour=Night Furry | size=- | band=- | status=Active | cf2592f4-0_BACKPACK-PHONE_ACCESSORY.xlsm:343
duplicate_asin,(standalone),no,B0BZ7NTJ6D,Charger-Case-(Burger),parentage=- | theme=TEAM_NAME | colour=Burger | size=- | band=- | status=Active | cf2592f4-0_BACKPACK-PHONE_ACCESSORY.xlsm:333
duplicate_asin,Charger-Without-Cable,no,B0BZ7NTJ6D,Charger-Case-(Burger1,parentage=Child | theme=COLOR | colour=Burger (Yellow) | size=- | band=- | status=Active | cf2592f4-0_BACKPACK-PHONE_ACCESSORY.xlsm:334
duplicate_asin,(standalone),no,B0BZDSBJX8,Chrger-(Minnie+Micky),parentage=- | theme=TEAM_NAME | colour=Minnie+Mickie | size=- | band=- | status=Active | cf2592f4-0_BACKPACK-PHONE_ACCESSORY.xlsm:356
duplicate_asin,Charger-Without-Cable,no,B0BZDSBJX8,Chrger-(Minnie+Micky1,parentage=Child | theme=COLOR | colour=Minnie+Micky (Black) (2 Pack) | size=- | band=- | status=Active | cf2592f4-0_BACKPACK-PHONE_ACCESSORY.xlsm:357
duplicate_asin,CC-NZFQ-44ZJ,no,B0C676C19C,Charger-Case-(White.Cat,parentage=Child | theme=COLOR | colour=White Cat | size=- | band=- | status=Active | cf2592f4-0_BACKPACK-PHONE_ACCESSORY.xlsm:148
duplicate_asin,9R-P5CP-7QEK,no,B0C676C19C,Charger-Case-(White.Cat.,parentage=Child | theme=COLOR | colour=White (Kitty) | size=Medium | band=- | status=Active | cf2592f4-0_BACKPACK-PHONE_ACCESSORY.xlsm:149
duplicate_asin,CC-NZFQ-44ZJ,no,B0C676S5JP,Charger-Case-(Burger,parentage=Child | theme=COLOR | colour=Burger | size=- | band=- | status=Active | cf2592f4-0_BACKPACK-PHONE_ACCESSORY.xlsm:126
duplicate_asin,9R-P5CP-7QEK,no,B0C676S5JP,Charger-Case-(Burger.,parentage=Child | theme=COLOR | colour=Orange (Burger) | size=Medium | band=- | status=Active | cf2592f4-0_BACKPACK-PHONE_ACCESSORY.xlsm:127
duplicate_asin,CC-NZFQ-44ZJ,no,B0C676ZBGH,Charger-(Blue-shinchn,parentage=Child | theme=COLOR | colour=Shin-chan with Cloths | size=- | band=- | status=Active | cf2592f4-0_BACKPACK-PHONE_ACCESSORY.xlsm:98
duplicate_asin,9R-P5CP-7QEK,no,B0C676ZBGH,Charger-(Blue-shinchn.,parentage=Child | theme=COLOR | colour=Blue (Shin-chan) | size=Medium | band=- | status=Active | cf2592f4-0_BACKPACK-PHONE_ACCESSORY.xlsm:99
duplicate_asin,CC-NZFQ-44ZJ,no,B0C676ZHTB,Charger-Case(Red.Bnd,parentage=Child | theme=COLOR | colour=Bull Dog Red | size=- | band=- | status=Active | cf2592f4-0_BACKPACK-PHONE_ACCESSORY.xlsm:121
duplicate_asin,9R-P5CP-7QEK,no,B0C676ZHTB,Charger-Case(Red.Bnd.,parentage=Child | theme=COLOR | colour=Red (Dog) | size=Medium | band=- | status=Active | cf2592f4-0_BACKPACK-PHONE_ACCESSORY.xlsm:122
duplicate_asin,CC-NZFQ-44ZJ,no,B0C679JWX5,Charger-(Purple-Cat,parentage=Child | theme=COLOR | colour=Cute Purple Cat | size=- | band=- | status=Active | cf2592f4-0_BACKPACK-PHONE_ACCESSORY.xlsm:113
duplicate_asin,9R-P5CP-7QEK,no,B0C679JWX5,Charger-(Purple-Cat.,parentage=Child | theme=COLOR | colour=Purple (Kitty) | size=Medium | band=- | status=Active | cf2592f4-0_BACKPACK-PHONE_ACCESSORY.xlsm:114
duplicate_asin,CC-NZFQ-44ZJ,no,B0C679K8HP,Charger-Case-(Minion,parentage=Child | theme=COLOR | colour=BOB | size=- | band=- | status=Active | cf2592f4-0_BACKPACK-PHONE_ACCESSORY.xlsm:136
duplicate_asin,9R-P5CP-7QEK,no,B0C679K8HP,Charger-Case-(Minion.,parentage=Child | theme=COLOR | colour=Yellow (Bob) | size=Medium | band=- | status=Active | cf2592f4-0_BACKPACK-PHONE_ACCESSORY.xlsm:137
duplicate_asin,9R-P5CP-7QEK,no,B0C67H66BC,Charger-Case(MouseX.,parentage=Child | theme=COLOR | colour=Black (Mouse) | size=Medium | band=- | status=Active | cf2592f4-0_BACKPACK-PHONE_ACCESSORY.xlsm:117
duplicate_asin,CC-NZFQ-44ZJ,no,B0C67H66BC,Charger-Case(MouseXX,parentage=Child | theme=COLOR | colour=Black Mouse | size=- | band=- | status=Active | cf2592f4-0_BACKPACK-PHONE_ACCESSORY.xlsm:118
duplicate_asin,CC-NZFQ-44ZJ,no,B0C67HPKJP,Charger-Case-(NightFury,parentage=Child | theme=COLOR | colour=Night-Furry Dragon | size=- | band=- | status=Active | efe5692f-1_PORTABLE_ELECTRONIC_DEVICE_COVER-WEARABLE_COMPUTER.xlsm:921
duplicate_asin,9R-P5CP-7QEK,no,B0C67HPKJP,Charger-Case-(NightFury.,parentage=Child | theme=COLOR | colour=Black (Dragon) | size=Medium | band=- | status=Active | efe5692f-1_PORTABLE_ELECTRONIC_DEVICE_COVER-WEARABLE_COMPUTER.xlsm:922
duplicate_asin,CC-NZFQ-44ZJ,no,B0C67L8LDX,Charger-Case-(RedShinchn,parentage=Child | theme=COLOR | colour=Shin-chan Bum | size=- | band=- | status=Active | cf2592f4-0_BACKPACK-PHONE_ACCESSORY.xlsm:142
duplicate_asin,9R-P5CP-7QEK,no,B0C67L8LDX,Charger-Case-(RedShinchn.,parentage=Child | theme=COLOR | colour=Red (Shin-chan) | size=Medium | band=- | status=Active | cf2592f4-0_BACKPACK-PHONE_ACCESSORY.xlsm:143
duplicate_asin,CC-NZFQ-44ZJ,no,B0C67LFBSX,Charger-Case(PinkCat,parentage=Child | theme=COLOR | colour=Pink Kitty | size=- | band=- | status=Active | cf2592f4-0_BACKPACK-PHONE_ACCESSORY.xlsm:119
duplicate_asin,9R-P5CP-7QEK,no,B0C67LFBSX,Charger-Case(PinkCat.,parentage=Child | theme=COLOR | colour=Pink (Kitty) | size=Medium | band=- | status=Active | cf2592f4-0_BACKPACK-PHONE_ACCESSORY.xlsm:120
duplicate_asin,CC-NZFQ-44ZJ,no,B0C67LQDBS,Charger-Case(BlkCat,parentage=Child | theme=COLOR | colour=Black Kitty | size=- | band=- | status=Active | cf2592f4-0_BACKPACK-PHONE_ACCESSORY.xlsm:115
duplicate_asin,9R-P5CP-7QEK,no,B0C67LQDBS,Charger-Case(BlkCat.,parentage=Child | theme=COLOR | colour=Black (Kitty) | size=Medium | band=- | status=Active | cf2592f4-0_BACKPACK-PHONE_ACCESSORY.xlsm:116
duplicate_asin,CC-NZFQ-44ZJ,no,B0C67LXHV9,Charger-Case-(Doremon,parentage=Child | theme=COLOR | colour=Dorae-Mon | size=- | band=- | status=Active | cf2592f4-0_BACKPACK-PHONE_ACCESSORY.xlsm:130
duplicate_asin,9R-P5CP-7QEK,no,B0C67LXHV9,Charger-Case-(Doremon.,parentage=Child | theme=COLOR | colour=Blue (Dorae-Mon) | size=Medium | band=- | status=Active | cf2592f4-0_BACKPACK-PHONE_ACCESSORY.xlsm:131
duplicate_asin,CC-NZFQ-44ZJ,no,B0C67LXV8L,Charger-Case(Shark,parentage=Child | theme=COLOR | colour=Cute Shark | size=- | band=- | status=Active | cf2592f4-0_BACKPACK-PHONE_ACCESSORY.xlsm:123
duplicate_asin,9R-P5CP-7QEK,no,B0C67LXV8L,Charger-Case(Shark.,parentage=Child | theme=COLOR | colour=Grey (Shark) | size=Medium | band=- | status=Active | cf2592f4-0_BACKPACK-PHONE_ACCESSORY.xlsm:124
duplicate_asin,CC-NZFQ-44ZJ,no,B0C67MT63P,Charger-Case-(Micky,parentage=Child | theme=COLOR | colour=Mic-Key | size=- | band=- | status=Active | cf2592f4-0_BACKPACK-PHONE_ACCESSORY.xlsm:134
duplicate_asin,9R-P5CP-7QEK,no,B0C67MT63P,Charger-Case-(Micky.,parentage=Child | theme=COLOR | colour=Black (Mic-Key) | size=Medium | band=- | status=Active | cf2592f4-0_BACKPACK-PHONE_ACCESSORY.xlsm:135
duplicate_asin,CC-NZFQ-44ZJ,no,B0C67ND8Q6,Charger-Case-(Pooh,parentage=Child | theme=COLOR | colour=Pooh | size=- | band=- | status=Active | cf2592f4-0_BACKPACK-PHONE_ACCESSORY.xlsm:140
duplicate_asin,9R-P5CP-7QEK,no,B0C67ND8Q6,Charger-Case-(Pooh.,parentage=Child | theme=COLOR | colour=Yellow (Pooh) | size=Medium | band=- | status=Active | cf2592f4-0_BACKPACK-PHONE_ACCESSORY.xlsm:141
duplicate_asin,CC-NZFQ-44ZJ,no,B0C67R8G63,Chrger-(Minnie+Micky,parentage=Child | theme=COLOR | colour=Minnie + Mickey 2 Pack | size=- | band=- | status=Active | cf2592f4-0_BACKPACK-PHONE_ACCESSORY.xlsm:157
duplicate_asin,9R-P5CP-7QEK,no,B0C67R8G63,Chrger-(Minnie+Micky.,parentage=Child | theme=COLOR | colour=Multicolor (Minnie + Mickey 2 Pack) | size=Medium | band=- | status=Active | cf2592f4-0_BACKPACK-PHONE_ACCESSORY.xlsm:158
duplicate_asin,CC-NZFQ-44ZJ,no,B0CBTWWN7M,Charger-Case-(Sonic,parentage=Child | theme=COLOR | colour=Soni.c | size=- | band=- | status=Active | cf2592f4-0_BACKPACK-PHONE_ACCESSORY.xlsm:144
duplicate_asin,9R-P5CP-7QEK,no,B0CBTWWN7M,Charger-Case-(Sonic.,parentage=Child | theme=COLOR | colour=Blue (Soni.c) | size=Medium | band=- | status=Active | cf2592f4-0_BACKPACK-PHONE_ACCESSORY.xlsm:145
duplicate_asin,CC-NZFQ-44ZJ,no,B0CBTXVM8Y,Charger-Case-(Unbeat,parentage=Child | theme=COLOR | colour=Unbeat | size=- | band=- | status=Active | cf2592f4-0_BACKPACK-PHONE_ACCESSORY.xlsm:146
duplicate_asin,9R-P5CP-7QEK,no,B0CBTXVM8Y,Charger-Case-(Unbeat.,parentage=Child | theme=COLOR | colour=Purple (Unbeat) | size=Medium | band=- | status=Active | cf2592f4-0_BACKPACK-PHONE_ACCESSORY.xlsm:147
duplicate_asin,CC-NZFQ-44ZJ,no,B0CBTY3FBN,Charger-Case-(Kakashi,parentage=Child | theme=COLOR | colour=Kaka.shi | size=- | band=- | status=Active | cf2592f4-0_BACKPACK-PHONE_ACCESSORY.xlsm:132
duplicate_asin,9R-P5CP-7QEK,no,B0CBTY3FBN,Charger-Case-(Kakashi.,parentage=Child | theme=COLOR | colour=Grey (Kakashi) | size=Medium | band=- | status=Active | cf2592f4-0_BACKPACK-PHONE_ACCESSORY.xlsm:133
duplicate_asin,CC-NZFQ-44ZJ,no,B0CBTZPBH9,Charger-Case-(PinkCup),parentage=Child | theme=COLOR | colour=coffee Cup Strawberry | size=- | band=- | status=Active | cf2592f4-0_BACKPACK-PHONE_ACCESSORY.xlsm:138
duplicate_asin,9R-P5CP-7QEK,no,B0CBTZPBH9,Charger-Case-(PinkCup.,parentage=Child | theme=COLOR | colour=Pink (coffee Cup) | size=Medium | band=- | status=Active | cf2592f4-0_BACKPACK-PHONE_ACCESSORY.xlsm:139
duplicate_asin,ch-wire-New-M,no,B0CP1D3N2P,Charger-Case-(Con.Blk-1,parentage=Child | theme=COLOR | colour=Black Gaming Console | size=- | band=- | status=Active | cf2592f4-0_BACKPACK-PHONE_ACCESSORY.xlsm:129
duplicate_asin,(standalone),no,B0CP1D3N2P,Sam-25W-(Con.Blk),parentage=- | theme=TEAM_NAME | colour=- | size=- | band=- | status=Active | cf2592f4-0_BACKPACK-PHONE_ACCESSORY.xlsm:213
duplicate_asin,ch-wire-New-M,no,B0CP1F6FFT,Ch-Wire-(Unbeat-1,parentage=Child | theme=COLOR | colour=Purple Unbeat | size=- | band=- | status=Active | cf2592f4-0_BACKPACK-PHONE_ACCESSORY.xlsm:96
duplicate_asin,(standalone),no,B0CP1F6FFT,Sam-25W-(Unbeat),parentage=- | theme=TEAM_NAME | colour=- | size=- | band=- | status=Active | cf2592f4-0_BACKPACK-PHONE_ACCESSORY.xlsm:217
duplicate_asin,(standalone),no,B0CR4J8B9B,Charger-StarBrown-W.Cbl,parentage=- | theme=- | colour=Star Brown with Wire Saver | size=- | band=- | status=Active | cf2592f4-0_BACKPACK-PHONE_ACCESSORY.xlsm:859
duplicate_asin,9R-P5CP-7QEK,no,B0CR4J8B9B,Charger-StarBrown-WCble.,parentage=Child | theme=COLOR | colour=Brown (Coffee Cup With Wire Protector) | size=Medium | band=- | status=Active | cf2592f4-0_BACKPACK-PHONE_ACCESSORY.xlsm:861
duplicate_asin,Bum-Bag-2.0,no,B0D98TF3NK,Waist-Bag-3,parentage=Child | theme=COLOR | colour=Dark Blue | size=Medium | band=- | status=Active | efe5692f-1_PORTABLE_ELECTRONIC_DEVICE_COVER-WEARABLE_COMPUTER.xlsm:1067
duplicate_asin,Bum-Bag-2.0,no,B0D98TF3NK,Waist-Bag-3Zip-(Blue),parentage=Child | theme=COLOR | colour=Blue | size=Medium | band=- | status=Active | efe5692f-1_PORTABLE_ELECTRONIC_DEVICE_COVER-WEARABLE_COMPUTER.xlsm:1070
duplicate_asin,Bum-Bag-2.0,no,B0D98X85JC,Waist-Bag-2,parentage=Child | theme=COLOR | colour=Grey | size=Medium | band=- | status=Active | efe5692f-1_PORTABLE_ELECTRONIC_DEVICE_COVER-WEARABLE_COMPUTER.xlsm:1066
duplicate_asin,Bum-Bag-2.0,no,B0D98X85JC,Waist-Bag-3Zip-(Grey),parentage=Child | theme=COLOR | colour=Grey | size=Medium | band=- | status=Active | efe5692f-1_PORTABLE_ELECTRONIC_DEVICE_COVER-WEARABLE_COMPUTER.xlsm:1072
duplicate_asin,Bum-Bag-2.0,no,B0D98XJKQT,Waist-Bag-1,parentage=Child | theme=COLOR | colour=Sand | size=Medium | band=- | status=Active | efe5692f-1_PORTABLE_ELECTRONIC_DEVICE_COVER-WEARABLE_COMPUTER.xlsm:1065
duplicate_asin,Bum-Bag-2.0,no,B0D98XJKQT,Waist-Bag-3Zip-(Dust),parentage=Child | theme=COLOR | colour=Sand | size=Medium | band=- | status=Active | efe5692f-1_PORTABLE_ELECTRONIC_DEVICE_COVER-WEARABLE_COMPUTER.xlsm:1071
duplicate_asin,(standalone),no,B0DCTQZ6G7,W7-Steel-BLK,parentage=- | theme=COLOR | colour=Black | size=20 | band=multicolor | status=Active | efe5692f-1_PORTABLE_ELECTRONIC_DEVICE_COVER-WEARABLE_COMPUTER.xlsm:1682
duplicate_asin,47mm-Ultra-Steel.1,no,B0DCTQZ6G7,W7-Steel-BLK.,parentage=Child | theme=COLOR | colour=Black | size=20 | band=multicolor | status=Active | efe5692f-1_PORTABLE_ELECTRONIC_DEVICE_COVER-WEARABLE_COMPUTER.xlsm:1683
duplicate_asin,ZP-XCWI-SJER,no,B0DFD661VJ,E8-K05G-ZGJ4,parentage=Child | theme=COLOR | colour=Dark Grey | size=S | band=- | status=Active | efe5692f-1_PORTABLE_ELECTRONIC_DEVICE_COVER-WEARABLE_COMPUTER.xlsm:1343
duplicate_asin,ZP-XCWI-SJER,no,B0DFD661VJ,W7-Ultra-Trail-(Night,parentage=Child | theme=COLOR | colour=Dark Grey | size=S | band=- | status=Active | efe5692f-1_PORTABLE_ELECTRONIC_DEVICE_COVER-WEARABLE_COMPUTER.xlsm:1698
duplicate_asin,W7-Chain-All,no,B0DG59DX2L,W7-Chain-BLK+Clear-WC,parentage=Child | theme=COLOR | colour=Silver With Clear Case | size=20 | band=multicolor | status=Active | efe5692f-1_PORTABLE_ELECTRONIC_DEVICE_COVER-WEARABLE_COMPUTER.xlsm:1638
duplicate_asin,W7-Chain-All,no,B0DG59DX2L,W7-Chain-Slvr+Clear-WC,parentage=Child | theme=COLOR | colour=Silver With Clear Case | size=20 | band=multicolor | status=Active | efe5692f-1_PORTABLE_ELECTRONIC_DEVICE_COVER-WEARABLE_COMPUTER.xlsm:1640
duplicate_asin,ZK-N65D-98J3,no,B0DH8N611T,iwX-46mm-iBUM-BLK,parentage=Child | theme=COLOR/SIZE | colour=Black | size=46 MM | band=- | status=Active | efe5692f-1_PORTABLE_ELECTRONIC_DEVICE_COVER-WEARABLE_COMPUTER.xlsm:883
duplicate_asin,ZK-N65D-98J3,no,B0DH8N611T,wX-46mm-iBUM-BLK,parentage=Child | theme=COLOR/SIZE | colour=Black | size=46 MM | band=- | status=Active | efe5692f-1_PORTABLE_ELECTRONIC_DEVICE_COVER-WEARABLE_COMPUTER.xlsm:884
duplicate_asin,X4-9E5H-0AXM,no,B0DHW7QWPH,Ip13-CamCap-4Q,parentage=Child | theme=COLOR/SIZE | colour=4 Pack | size=For iPhone 13 6.1''/13 Mini 5.4'' | band=- | status=Active | efe5692f-1_PORTABLE_ELECTRONIC_DEVICE_COVER-WEARABLE_COMPUTER.xlsm:998
duplicate_asin,X4-9E5H-0AXM,no,B0DHW7QWPH,Ip13-CamCap.,parentage=Child | theme=COLOR/SIZE | colour=1 Pack | size=For iPhone 13 6.1''/13 Mini 5.4'' | band=- | status=Active | efe5692f-1_PORTABLE_ELECTRONIC_DEVICE_COVER-WEARABLE_COMPUTER.xlsm:999
duplicate_asin,VT-ENLO-P13Z,no,B0FVHDYYYJ,Pro3-(Lock-Clear,parentage=Child | theme=COLOR | colour=Clear | size=- | band=- | status=Active | efe5692f-1_PORTABLE_ELECTRONIC_DEVICE_COVER-WEARABLE_COMPUTER.xlsm:723
duplicate_asin,(standalone),no,B0FVHDYYYJ,Pro3-(Lock-Clear.,parentage=- | theme=- | colour=- | size=- | band=- | status=Active | efe5692f-1_PORTABLE_ELECTRONIC_DEVICE_COVER-WEARABLE_COMPUTER.xlsm:724
duplicate_asin,VT-ENLO-P13Z,no,B0FVHX6G1N,Pro3-(Lock-Blk,parentage=Child | theme=COLOR | colour=Black | size=- | band=- | status=Active | efe5692f-1_PORTABLE_ELECTRONIC_DEVICE_COVER-WEARABLE_COMPUTER.xlsm:721
duplicate_asin,(standalone),no,B0FVHX6G1N,Pro3-(Lock-Blk.,parentage=- | theme=- | colour=- | size=- | band=- | status=Active | efe5692f-1_PORTABLE_ELECTRONIC_DEVICE_COVER-WEARABLE_COMPUTER.xlsm:722
duplicate_asin,VT-ENLO-P13Z,no,B0FVJ6PH8R,Pro3-(Lock-Pink,parentage=Child | theme=COLOR | colour=Pink | size=- | band=- | status=Active | efe5692f-1_PORTABLE_ELECTRONIC_DEVICE_COVER-WEARABLE_COMPUTER.xlsm:725
duplicate_asin,(standalone),no,B0FVJ6PH8R,Pro3-(Lock-Pink.,parentage=- | theme=- | colour=- | size=- | band=- | status=Active | efe5692f-1_PORTABLE_ELECTRONIC_DEVICE_COVER-WEARABLE_COMPUTER.xlsm:726
duplicate_asin,(standalone),no,B0FZLS7SFR,Pro3-Hard-Lock-(WHT.,parentage=- | theme=- | colour=- | size=- | band=- | status=Active | efe5692f-1_PORTABLE_ELECTRONIC_DEVICE_COVER-WEARABLE_COMPUTER.xlsm:773
duplicate_asin,VT-ENLO-P13Z,no,B0FZLS7SFR,Pro3-Hard-Lock-(WhT,parentage=Child | theme=COLOR | colour=Lock White | size=- | band=- | status=Active | efe5692f-1_PORTABLE_ELECTRONIC_DEVICE_COVER-WEARABLE_COMPUTER.xlsm:774
duplicate_asin,VT-ENLO-P13Z,no,B0FZLYSY3J,Pro3-Hard-Lock-(BLK,parentage=Child | theme=COLOR | colour=Lock Black | size=- | band=- | status=Active | efe5692f-1_PORTABLE_ELECTRONIC_DEVICE_COVER-WEARABLE_COMPUTER.xlsm:767
duplicate_asin,(standalone),no,B0FZLYSY3J,Pro3-Hard-Lock-(BLK.,parentage=- | theme=- | colour=- | size=- | band=- | status=Active | efe5692f-1_PORTABLE_ELECTRONIC_DEVICE_COVER-WEARABLE_COMPUTER.xlsm:768
duplicate_asin,VT-ENLO-P13Z,no,B0FZM47G9F,Pro3-Hard-Lock-(GRN,parentage=Child | theme=COLOR | colour=Lock Green | size=- | band=- | status=Active | efe5692f-1_PORTABLE_ELECTRONIC_DEVICE_COVER-WEARABLE_COMPUTER.xlsm:769
duplicate_asin,(standalone),no,B0FZM47G9F,Pro3-Hard-Lock-(GRN.,parentage=- | theme=- | colour=- | size=- | band=- | status=Active | efe5692f-1_PORTABLE_ELECTRONIC_DEVICE_COVER-WEARABLE_COMPUTER.xlsm:770
duplicate_asin,VT-ENLO-P13Z,no,B0FZM4Y8SZ,Pro3-Hard-Lock-(RED,parentage=Child | theme=COLOR | colour=Lock Red | size=- | band=- | status=Active | efe5692f-1_PORTABLE_ELECTRONIC_DEVICE_COVER-WEARABLE_COMPUTER.xlsm:771
duplicate_asin,(standalone),no,B0FZM4Y8SZ,Pro3-Hard-Lock-(RED.,parentage=- | theme=- | colour=- | size=- | band=- | status=Active | efe5692f-1_PORTABLE_ELECTRONIC_DEVICE_COVER-WEARABLE_COMPUTER.xlsm:772
duplicate_asin,AirPodsPro3Case-08,no,B0G355XV6L,Pro3-Camera-(Sand)),parentage=Child | theme=COLOR | colour=Camera Beige | size=- | band=- | status=Active | efe5692f-1_PORTABLE_ELECTRONIC_DEVICE_COVER-WEARABLE_COMPUTER.xlsm:741
duplicate_asin,(standalone),no,B0G355XV6L,Pro3-Camera-Sand,parentage=- | theme=- | colour=Camera Beige | size=- | band=- | status=Active | efe5692f-1_PORTABLE_ELECTRONIC_DEVICE_COVER-WEARABLE_COMPUTER.xlsm:744
duplicate_asin,AirPodsPro3Case-08,no,B0G3GBMKXJ,Pro3-GamePaw-(Pink),parentage=Child | theme=COLOR | colour=Game Console Pink | size=- | band=- | status=Active | efe5692f-1_PORTABLE_ELECTRONIC_DEVICE_COVER-WEARABLE_COMPUTER.xlsm:761
duplicate_asin,(standalone),no,B0G3GBMKXJ,Pro3-GamePaw-Pink,parentage=- | theme=- | colour=Game Console Pink | size=- | band=- | status=Active | efe5692f-1_PORTABLE_ELECTRONIC_DEVICE_COVER-WEARABLE_COMPUTER.xlsm:764
duplicate_asin,AirPodsPro3Case-08,no,B0G3GRZ72R,Pro3-GamePaw-(PURPL),parentage=Child | theme=COLOR | colour=Game Console Purple | size=- | band=- | status=Active | efe5692f-1_PORTABLE_ELECTRONIC_DEVICE_COVER-WEARABLE_COMPUTER.xlsm:759
duplicate_asin,(standalone),no,B0G3GRZ72R,Pro3-GamePaw-PURPL,parentage=- | theme=- | colour=Game Console Purple | size=- | band=- | status=Active | efe5692f-1_PORTABLE_ELECTRONIC_DEVICE_COVER-WEARABLE_COMPUTER.xlsm:763
duplicate_asin,VT-ENLO-P13Z,no,B0GJQV4JF1,Pro3-(Carbon.Fiber-BLK,parentage=Child | theme=COLOR | colour=Carbon Fiber Black | size=- | band=- | status=Active | efe5692f-1_PORTABLE_ELECTRONIC_DEVICE_COVER-WEARABLE_COMPUTER.xlsm:716
duplicate_asin,(standalone),no,B0GJQV4JF1,Pro3-(Carbon.Fiber-BLK/,parentage=- | theme=- | colour=- | size=- | band=- | status=Active | efe5692f-1_PORTABLE_ELECTRONIC_DEVICE_COVER-WEARABLE_COMPUTER.xlsm:717
label_review_hint,1/2-New-Airpods-OG,no,,,COLOR values that may not be colours: Pink Kitty With Sling
duplicate_combination,131- Leather,no,B09ZJ1SWDZ B09JHQ3ZG5,131-(Leather)(Blk)-131 Boat_(Blackk)_131__,values=Black
undeclared_dimension,131- Leather,no,,,"theme COLOR, but SIZE also varies: 131 | 131 & 138"
label_review_hint,131- Leather,no,,,COLOR values that may not be colours: Dog With Purple Band | Dog With Red Band
label_review_hint,1M-NL6L-4F47,no,,,COLOR values that may not be colours: Bull Dog 2 Pack (Red+Black) | Plain 2 Pack (Green+Grey)
undeclared_dimension,20mm-Chain-Strap,no,,,"theme COLOR, but SIZE also varies: 21 | 22 | 23 | 24 | 25"
child_without_asin,20mm-Chain-Strap,no,,20mm-Chain-(Black),id type=(blank)
theme_conflict,22mm chain,no,,,themes: BAND_COLOR vs COLOR
child_without_asin,22mm chain,no,,RW2Pro.BLK+22-Chn-Blk,id type=(blank)
child_without_asin,22mm chain,no,,RW2Pro.BLK+22-Chn-SLVR,id type=(blank)
child_without_asin,22mm chain,no,,RW2Pro.Clear+22-Chn-Blk,id type=(blank)
child_without_asin,22mm chain,no,,RW2Pro.Clear+22-Chn-SLVR,id type=(blank)
child_without_asin,22mm-Chain-N,no,,22mm-Chain-(Grey,id type=(blank)
child_without_asin,22mm-Silicone,no,,22mm-Silicone-(Blue),id type=(blank)
child_without_asin,22mm-Silicone,no,,22mm-Silicone-(Grey),id type=(blank)
child_without_asin,22mm-Silicone1,no,,22mm-Silicone-(Blue,id type=(blank)
child_without_asin,22mm-Silicone1,no,,22mm-Silicone-(Grey,id type=(blank)
child_without_asin,22mm-Silicone3,no,,22mm-Silicone-(Blue},id type=(blank)
child_without_asin,22mm-Silicone3,no,,22mm-Silicone-(Grey},id type=(blank)
duplicate_combination,22mm-Steel-2,no,(no ASIN) B0CNHTWHPR,"22mm-Steel-(Slver,Blk@ 22mm-Steel-(Slver,Blk1","values=Silver,Black"
duplicate_combination,22mm-Steel-2,no,(no ASIN) (no ASIN),22mm-Metal-(BLK1 22mm-Steel-(BLK@,values=Black
duplicate_combination,22mm-Steel-2,no,(no ASIN) (no ASIN),22mm-Metal-(Silver1 22mm-Steel-(Silver@,values=Silver
duplicate_combination,22mm-Steel-2,no,(no ASIN) (no ASIN),22mm-Steel-(Gold1 22mm-Steel-(Gold@,values=Gold
child_without_asin,22mm-Steel-2,no,,"22mm-Steel-(Slver,Blk@",id type=(blank)
child_without_asin,22mm-Steel-2,no,,22mm-Metal-(BLK1,id type=(blank)
child_without_asin,22mm-Steel-2,no,,22mm-Metal-(Silver1,id type=(blank)
child_without_asin,22mm-Steel-2,no,,22mm-Steel-(BLK@,id type=(blank)
child_without_asin,22mm-Steel-2,no,,22mm-Steel-(Gold1,id type=(blank)
child_without_asin,22mm-Steel-2,no,,22mm-Steel-(Gold@,id type=(blank)
child_without_asin,22mm-Steel-2,no,,22mm-Steel-(Silver@,id type=(blank)
child_without_asin,22mm-Steel-3,no,,22mm-Steel-(BLK!,id type=(blank)
child_without_asin,22mm-Steel-3,no,,22mm-Steel-(Gold!,id type=(blank)
child_without_asin,22mm-Steel-3,no,,22mm-Steel-(Silver!,id type=(blank)
child_without_asin,22mm-Steel-3,no,,"22mm-Steel-(Slver,Blk!",id type=(blank)
child_without_asin,22mm-Steel-4,no,,22mm-Steel-(BLK£,id type=(blank)
child_without_asin,22mm-Steel-4,no,,22mm-Steel-(Gold£,id type=(blank)
child_without_asin,22mm-Steel-4,no,,22mm-Steel-(Silver£,id type=(blank)
child_without_asin,22mm-Steel-4,no,,"22mm-Steel-(Slver,Blk£",id type=(blank)
missing_value,22mm.chain .strap,no,B0B1S7MZMG,22mm--(strap-magnetic)(Blk+silver)),theme=BAND_COLOR values=(blank)
child_without_asin,23mm-Steel-3,no,,23mm-Steel-(BLK,id type=(blank)
child_without_asin,23mm-Steel-3,no,,23mm-Steel-(Gold,id type=(blank)
child_without_asin,23mm-Steel-3,no,,23mm-Steel-(Silver,id type=(blank)
child_without_asin,23mm-Steel-3,no,,"23mm-Steel-(Slver,Blk",id type=(blank)
label_review_hint,23mm.Wcase+23mmSteel,no,,,COLOR values that may not be colours: Black With Black Case | Black With Clear Case | Gold With Black Case | Gold With Clear Case | Silver With Black Case | Silver With Clear Case
child_without_asin,23mm.Wcase+23mmSteel,no,,23mm-Steel-(BLK),id type=(blank)
child_without_asin,23mm.Wcase+23mmSteel,no,,23mm-Steel-(Gold),id type=(blank)
child_without_asin,23mm.Wcase+23mmSteel,no,,23mm-Steel-(Silver),id type=(blank)
child_without_asin,23mm.Wcase+23mmSteel,no,,"23mm-Steel-(Slver,Blk)",id type=(blank)
child_without_asin,23mm.Wcase+23mmSteel,no,,XT.C.BlK+23mmSteel-BLK,id type=(blank)
child_without_asin,23mm.Wcase+23mmSteel,no,,XT.C.BlK+23mmSteel-DualC,id type=(blank)
child_without_asin,23mm.Wcase+23mmSteel,no,,XT.C.BlK+23mmSteel-GOLD,id type=(blank)
child_without_asin,23mm.Wcase+23mmSteel,no,,XT.C.BlK+23mmSteel-SLVR,id type=(blank)
child_without_asin,23mm.Wcase+23mmSteel,no,,XT.C.CLear+23mmSteel-Dual,id type=(blank)
child_without_asin,23mm.Wcase+23mmSteel,no,,XT.C.Clear+23mmSteel-BLK,id type=(blank)
child_without_asin,23mm.Wcase+23mmSteel,no,,XT.C.Clear+23mmSteel-GOLD,id type=(blank)
child_without_asin,23mm.Wcase+23mmSteel,no,,XT.C.Clear+23mmSteel-SLVR,id type=(blank)
child_without_asin,24mm-Silicone5,no,,24mm-Silicone-(Blue5,id type=(blank)
child_without_asin,24mm-Silicone5,no,,24mm-Silicone-(Grey5,id type=(blank)
label_review_hint,2Pro.Wcase+22mmSteel,no,,,COLOR values that may not be colours: Black With Black Case | Black With Clear Case | Gold With Black Case | Gold With Clear Case | Silver With Black Case | Silver With Clear Case
child_without_asin,2Pro.Wcase+22mmSteel,no,,22mm-Steel-(BLK)),id type=(blank)
child_without_asin,2Pro.Wcase+22mmSteel,no,,22mm-Steel-(Gold)),id type=(blank)
child_without_asin,2Pro.Wcase+22mmSteel,no,,22mm-Steel-(Silver)),id type=(blank)
child_without_asin,2Pro.Wcase+22mmSteel,no,,"22mm-Steel-(Slver,Blk))",id type=(blank)
child_without_asin,2Pro.Wcase+22mmSteel,no,,2Pro.BlK+22mmSteel-BLK,id type=(blank)
child_without_asin,2Pro.Wcase+22mmSteel,no,,2Pro.BlK+22mmSteel-DualC,id type=(blank)
child_without_asin,2Pro.Wcase+22mmSteel,no,,2Pro.BlK+22mmSteel-GOLD,id type=(blank)
child_without_asin,2Pro.Wcase+22mmSteel,no,,2Pro.BlK+22mmSteel-SLVR,id type=(blank)
child_without_asin,2Pro.Wcase+22mmSteel,no,,2Pro.CLear+22mmSteel-Dual,id type=(blank)
child_without_asin,2Pro.Wcase+22mmSteel,no,,2Pro.Clear+22mmSteel-BLK,id type=(blank)
child_without_asin,2Pro.Wcase+22mmSteel,no,,2Pro.Clear+22mmSteel-GOLD,id type=(blank)
child_without_asin,2Pro.Wcase+22mmSteel,no,,2Pro.Clear+22mmSteel-SLVR,id type=(blank)
label_review_hint,2T-PYA6-M3MD,no,,,COLOR values that may not be colours: Shinchain With Clothes
child_without_asin,34-PPD9-CMAK,no,,Ch-Wire-(Marshall//,id type=GTIN Exempt
label_review_hint,3H-89BW-Q1O7,no,,,COLOR values that may not be colours: 2 Pack Black | 2 Pack Grey | 2 Pack Purple
label_review_hint,3R-8MS3-D72V,yes,,,COLOR values that may not be colours: Black + Grey (2 Pack)
label_review_hint,3U-HH62-O11J,yes,,,COLOR values that may not be colours: Black + Grey Long & Short String (4 pack) | Black + Grey Long (2 Pack) | Black + Grey Short String (2 Pack)
label_review_hint,3rd Gen Silicon plain,no,,,COLOR values that may not be colours: Blue + Black (2 Pack)
label_review_hint,3rd-Gen-New,no,,,COLOR values that may not be colours: Console Black + White (2 Pack)
label_review_hint,47mm-Ultra-Steel.1,no,,,COLOR values that may not be colours: Black & Black (2 Pack) | Black & Silver (2 Pack) | Silver & Silver (2 Pack)
orphan_parent,50-V5L5-E4WA,no,,,4 child rows point to a parent SKU with no parent row
child_without_asin,57-REOE-YGFF,no,,iphone-13-(Clear.,id type=GTIN Exempt
child_without_asin,57-REOE-YGFF,no,,iphone-13-(Clear..,id type=GTIN Exempt
child_without_asin,57-REOE-YGFF,no,,iphone-15-(Clear.,id type=GTIN Exempt
label_review_hint,5E-CIGN-OI0Y,no,,,COLOR values that may not be colours: Chain Magnet Strap 4 Pack | Silicone Magnet 4 Pack
child_without_asin,5G-XF1J-QL4X,no,,49mm-Ultra-Case-(Clear),id type=GTIN Exempt
label_review_hint,6Y-RTI9-DIQR,no,,,COLOR values that may not be colours: Black+ Silver (Pack of 2) | Black+Black (2 Pack) | Silver + Silver (2 Pack)
undeclared_dimension,7E-Y7RR-KKCS,yes,,,"theme SIZE, but COLOR also varies: Gold | Titanium"
child_without_asin,7E-Y7RR-KKCS,yes,,2in1-C-46mm,id type=GTIN Exempt
label_review_hint,9I-X4FW-R6OT,no,,,COLOR values that may not be colours: SIlver + Black (2 Pack)
label_review_hint,9R-P5CP-7QEK,no,,,COLOR values that may not be colours: Brown (Coffee Cup With Wire Protector) | Multicolor (Minnie + Mickey 2 Pack)
child_without_asin,AirPodsPro3-01,yes,,P3-Pista+Pen,id type=GTIN Exempt
child_without_asin,AirPodsPro3-01,yes,,P3-SLATE.BLU+Pen,id type=GTIN Exempt
child_without_asin,AirPodsPro3-01,yes,,P3-Wine+Pen,id type=GTIN Exempt
child_without_asin,AirPodsPro3Case-08,no,,Pro3-Premium-Vodka/,id type=GTIN Exempt
label_review_hint,Airpods-1/2,no,,,COLOR values that may not be colours: Pink Kitty With Chain
child_without_asin,Airpods-1/2,no,,1/2-(Clear,id type=(blank)
child_without_asin,Airpods-1/2,no,,1/2-(Sling.Pink.Kitty,id type=(blank)
child_without_asin,Airpods-1/2,no,,Rainbow-Horizontal,id type=(blank)
child_without_asin,Airpods-1/2,no,,Spider-(Red)-WT,id type=(blank)
child_without_asin,Ap-4-New-Plain,yes,,AP-4-Plain-(L.Grey,id type=GTIN Exempt
label_review_hint,BR-30HP-POZD,no,,,COLOR values that may not be colours: Black with Red strip
label_review_hint,BW-KT1Z-V1X0,no,,,COLOR values that may not be colours: Black Dog With Purple Band | Black Dog With Red Band | Black Kitty With sling | BoB With Grey Band | Mic.key With Grey Band | Minnie With Grey Band
child_without_asin,BW-KT1Z-V1X0,no,,"2nd-pro-HP-(Peach.Kity,",id type=GTIN Exempt
theme_conflict,Boat xtend chain,no,,,themes: BAND_COLOR vs COLOR
duplicate_combination,Bum-Bag-2.0,no,B0D98XJKQT B0D98XJKQT,Waist-Bag-1 Waist-Bag-3Zip-(Dust),values=Sand
duplicate_combination,Bum-Bag-2.0,no,B0D98X85JC B0D98X85JC,Waist-Bag-2 Waist-Bag-3Zip-(Grey),values=Grey
asin_repeated_in_family,Bum-Bag-2.0,no,B0D98XJKQT,,2 child rows share this ASIN
asin_repeated_in_family,Bum-Bag-2.0,no,B0D98X85JC,,2 child rows share this ASIN
asin_repeated_in_family,Bum-Bag-2.0,no,B0D98TF3NK,,2 child rows share this ASIN
theme_conflict,CC-NZFQ-44ZJ,no,,,themes: COLOR vs MODEL
label_review_hint,CU-7GLR-BG71,yes,,,COLOR values that may not be colours: Black+ White 2 Pack | Blue + Pink 2 Pack | Purple Black Pink 3 Pack | Purple White Pink 3 Pack
label_review_hint,Charger-Without-Cable,no,,,COLOR values that may not be colours: Minnie+Micky (Black) (2 Pack)
child_without_asin,Charger-Without-Cable,no,,Chrger-(Yoda)),id type=(blank)
label_review_hint,"Cloth-13/16"" Parent",yes,,,COLOR values that may not be colours: Pack of 1 | Pack of 2
label_review_hint,D1-LKTJ-7RNJ,no,,,COLOR values that may not be colours: Multicolor (Minnie with Hat)
label_review_hint,DL-CJN8-D4Y0,no,,,COLOR values that may not be colours: Black & Silver With 2 Case | Black With Black Bumper Case | Silver With Silver Bumper Case
label_review_hint,DO-LNLQ-BJAX,yes,,,COLOR values that may not be colours: Dust Plug Kit For Ps5 Console | Pack of 10 Piece | Pack of 16 Piece
label_review_hint,DW-RIEK-F480,yes,,,COLOR values that may not be colours: Black Dog With Purple Band | Black Dog With Red Band | Black Kitty with Chain Sling
label_review_hint,E2-5IL8-KBGC,no,,,COLOR values that may not be colours: Black + Clear (2 Pack)
label_review_hint,EY-K4B7-8TEZ,no,,,COLOR values that may not be colours: Black Strap With Hard Black Case | Black Strap With Hard Clear Case | Colorful Strap With Hard Black Case | Colorful Strap With Hard Clear Case | Gold Strap With Hard Black Case | Gold Strap With Hard Clear Case
missing_value,Galaxy Watch 4 (Silicon),no,B09ZMZD8Z5,Galaxy_Watch.4_Silicon.strap-(Off.pink),theme=BAND_COLOR values=(blank)
duplicate_combination,Galaxy Watch 4 (Silicon),no,B09ZMXZFDD B09ZMXZFDD,Galaxy_Watch.4_Silicon.strap-(Black) W-4-Soft.strap-(BLK),values=Black
duplicate_combination,Galaxy Watch 4 (Silicon),no,B09ZMZFXXH B09ZMZFXXH,Galaxy_Watch.4_Silicon.strap-(Grey) W-4-Soft.strap-(Grey),values=Grey
asin_repeated_in_family,Galaxy Watch 4 (Silicon),no,B09ZMXZFDD,,2 child rows share this ASIN
asin_repeated_in_family,Galaxy Watch 4 (Silicon),no,B09ZMZFXXH,,2 child rows share this ASIN
asin_repeated_in_family,Galaxy Watch 4 (Silicon),no,B09ZMZD8Z5,,2 child rows share this ASIN
asin_repeated_in_family,Galaxy Watch 4 (Silicon),no,B09ZMH17XH,,2 child rows share this ASIN
label_review_hint,Galaxy watch 4 44mm,no,,,COLOR values that may not be colours: 44mm Black and Clear Soft Silicone 2 Pack
label_review_hint,HY-EGH5-LOH4,no,,,COLOR values that may not be colours: Black Kitty With Grey Band | BoB With Grey Band | Cat With Grey Band | Minnie With Grey Band | Po.oh With Grey Band | Red Bear With Grey Band
child_without_asin,HY-EGH5-LOH4,no,,2nd-pro-HP-(Peach.Kity/,id type=GTIN Exempt
label_review_hint,Hard 44mm case,no,,,COLOR values that may not be colours: Black & Clear (2 Pack)
child_without_asin,K8-K9-Wireless-Mic,no,,K8-Mic,id type=(blank)
label_review_hint,Leather 131 & 138,no,,,COLOR values that may not be colours: Dog With Purple Band | Dog With Red Band
label_review_hint,MB-ZO00-TBNQ,yes,,,COLOR values that may not be colours: Black Dog With Purple Band | Black Dog With Red Band | Black Kitty With Grey Band | Black Kitty With sling | Cat With Grey Band | Mic.key With Grey Band
undeclared_dimension,MEYAAR_ip_Parent-1,no,,,"theme MODEL, but COLOR also varies: Crystal Clear Back, Transparent Sides | Transparent"
child_without_asin,MEYAAR_ip_Parent-1,no,,MEYAAR_ip 11,id type=(blank)
child_without_asin,MEYAAR_ip_Parent-1,no,,"MEYAAR_ip 12, ip 12 Pro",id type=(blank)
child_without_asin,MEYAAR_ip_Parent-1,no,,MEYAAR_ip 14 Plus,id type=(blank)
child_without_asin,MEYAAR_ip_Parent-1,no,,MEYAAR_ip 14 Pro,id type=(blank)
child_without_asin,MEYAAR_ip_Parent-1,no,,MEYAAR_ip 14 Pro Max,id type=(blank)
child_without_asin,MEYAAR_ip_Parent-1,no,,MEYAAR_ip 15 Plus,id type=(blank)
child_without_asin,MEYAAR_ip_Parent-1,no,,MEYAAR_ip 15 Pro,id type=(blank)
child_without_asin,MEYAAR_ip_Parent-1,no,,MEYAAR_ip 15 Pro Max,id type=(blank)
child_without_asin,MEYAAR_ip_Parent-1,no,,MEYAAR_ip XR,id type=(blank)
child_without_asin,MEYAAR_ip_Parent-1,no,,MEYAAR_ip 13,id type=(blank)
child_without_asin,MEYAAR_ip_Parent-1,no,,MEYAAR_ip 14,id type=(blank)
child_without_asin,MEYAAR_ip_Parent-1,no,,MEYAAR_ip 15,id type=(blank)
child_without_asin,MEYAAR_ip_Parent-1,no,,MEYAAR_ip 16,id type=(blank)
child_without_asin,MEYAAR_ip_Parent-1,no,,MEYAAR_ip 16 Plus,id type=(blank)
child_without_asin,MEYAAR_ip_Parent-1,no,,MEYAAR_ip 16 Pro,id type=(blank)
child_without_asin,MEYAAR_ip_Parent-1,no,,MEYAAR_ip 16 Pro Max,id type=(blank)
label_review_hint,MR-NQ12-8B0H,yes,,,COLOR values that may not be colours: Black And White (2 Pack)
child_without_asin,MR-NQ12-8B0H,yes,,Ps5-Rmot-CAMO-BLK,id type=GTIN Exempt
child_without_asin,Napa-Ap-Pro2,no,,Pro2-Napa-(GRN,id type=GTIN Exempt
label_review_hint,P6-G54S-VFGV,no,,,COLOR values that may not be colours: (2 Pack) Black + Clear | (2 Pack) Clear + Starlight
child_without_asin,P6-G54S-VFGV,no,,46mm-iwX-(Clear+Sand,id type=GTIN Exempt
label_review_hint,PQ-TZR5-XV4X,no,,,COLOR values that may not be colours: 2 Pack | 4 Pack | 6 Pack | 8 Pack
child_without_asin,Parent 2 In 1-ph-grip,yes,,Grip-Stand-Grey,id type=GTIN Exempt
child_without_asin,Phenix.Wcase+22mmSteel,no,,22mm-Steel-(BLK))2,id type=(blank)
child_without_asin,Phenix.Wcase+22mmSteel,no,,22mm-Steel-(Gold))2,id type=(blank)
child_without_asin,Phenix.Wcase+22mmSteel,no,,22mm-Steel-(Silver))2,id type=(blank)
child_without_asin,Phenix.Wcase+22mmSteel,no,,"22mm-Steel-(Slver,Blk))2",id type=(blank)
child_without_asin,Phenix.Wcase+22mmSteel,no,,Phenx.BlK+22mmSteel-BLK,id type=(blank)
child_without_asin,Phenix.Wcase+22mmSteel,no,,Phenx.BlK+22mmSteel-DualC,id type=(blank)
child_without_asin,Phenix.Wcase+22mmSteel,no,,Phenx.BlK+22mmSteel-GOLD,id type=(blank)
child_without_asin,Phenix.Wcase+22mmSteel,no,,Phenx.BlK+22mmSteel-SLVR,id type=(blank)
child_without_asin,Phenix.Wcase+22mmSteel,no,,Phenx.CLer+22mmSteel-BLK,id type=(blank)
child_without_asin,Phenix.Wcase+22mmSteel,no,,Phenx.CLer+22mmSteel-Dual,id type=(blank)
child_without_asin,Phenix.Wcase+22mmSteel,no,,Phenx.CLer+22mmSteel-GOLD,id type=(blank)
child_without_asin,Phenix.Wcase+22mmSteel,no,,Phenx.CLer+22mmSteel-SLVR,id type=(blank)
label_review_hint,Pmma-46/42,yes,,,COLOR values that may not be colours: 2 Pack
label_review_hint,Pro Airpods,no,,,COLOR values that may not be colours: Black Dog With Purple Headphones | Black Dog With Red Headphones
child_without_asin,Pro-3-Cartoon.,yes,,Pro-3-Xbox-BLK,id type=GTIN Exempt
child_without_asin,Ps5-Stand/Dock,yes,,PS5-Doc-ANT-Pro-(Wht).,id type=GTIN Exempt
child_without_asin,QR-2ANM-7SJV,no,,1+Nord3-Buds(Nntndo,id type=GTIN Exempt
missing_value,Realme Band 2,no,B0B64S2WLW,18mm-RB-2(Silicone)-(WHITE),theme=BAND_COLOR values=(blank)
asin_repeated_in_family,Realme Band 2,no,B0B64S2WLW,,2 child rows share this ASIN
missing_value,Realme band 2,no,B0B5B8FWPF,18MM_(D.BLUE)_Magnet,theme=BAND_COLOR values=(blank)
label_review_hint,Silicone watch 4 44mm,no,,,COLOR values that may not be colours: Clear+ Black 2 Pack
label_review_hint,TG W8 Parent.,no,,,COLOR values that may not be colours: Clear (Pack of 4)
missing_value,TH-8TP4-YYNH,no,B0B97V7QZ5,22mm_chain..(BLACK),theme=BAND_COLOR values=(blank)
undeclared_dimension,UX-QNC9-TS3B,no,,,"theme COLOR, but SIZE also varies: 25L-60L (Backpack Only) | 25L-60L (With Air Pump) | With 1-Click Compression & Wheels"
label_review_hint,UX-QNC9-TS3B,no,,,COLOR values that may not be colours: (With Air Pump) | Backpack Only | With 1-Click Compression & Wheels | With Air Pump & Waist Bag
label_review_hint,VY-1MIX-3RKK,yes,,,COLOR values that may not be colours: Clear Music Smile With Metal Keychain | Clear With Lanyard | Clear With Metal Keychain
label_review_hint,Vacuum-BP27-(BLK),no,,,COLOR values that may not be colours: 25L-60L (With Air Pump & Waist Bag) | 25L-60L (With Air Pump) | With 1-Click Compression (No Pump Required)
duplicate_combination,W7-Chain-All,no,B0DG59DX2L B0DG59DX2L,W7-Chain-BLK+Clear-WC W7-Chain-Slvr+Clear-WC,values=Silver With Clear Case
asin_repeated_in_family,W7-Chain-All,no,B0DG59DX2L,,2 child rows share this ASIN
label_review_hint,W7-Chain-All,no,,,COLOR values that may not be colours: Black With Black Case | Silver With Clear Case
label_review_hint,W8-44mm,no,,,COLOR values that may not be colours: Black + Clear (2 Pack) | Black With Glass | Clear With Glass
child_without_asin,W8-44mm,no,,"W8-44-Bum+Tem-Blk,",id type=GTIN Exempt
child_without_asin,W8-44mm,no,,"W8-44-Bum+Tem-Clear,",id type=GTIN Exempt
label_review_hint,X4-5MMI-DK68,no,,,COLOR values that may not be colours: Black (Pack of 1) | Black (Pack of 2) | Black (Pack of 3) | Yellow (Pack of 1) | Yellow (Pack of 2) | Yellow (Pack of 3)
asin_repeated_in_family,X4-9E5H-0AXM,no,B0DHW7QWPH,,2 child rows share this ASIN
label_review_hint,X4-9E5H-0AXM,no,,,COLOR values that may not be colours: 1 Pack | 2 Pack | 3 Pack | 4 Pack
label_review_hint,XW-YV99-5VJ4,no,,,COLOR values that may not be colours: 2 Pack Blue + White | 2 pack Black + Green | 3 Pack | 4 Pack | 5 Pack | Pack of 3
asin_repeated_in_family,Y8-ES7D-ZW0E,no,B08TW1QF1H,,2 child rows share this ASIN
child_without_asin,Y8-ES7D-ZW0E,no,,AP4-Camo-(Khaki)),id type=GTIN Exempt
label_review_hint,YA-U0S5-0A74,no,,,COLOR values that may not be colours: Black + Silver (2 Pack) | Pink + Black (2 Pack) | Pink + Silver (2 Pack) | Silver + Colorful (2 Pack)
label_review_hint,ZG-HLPC-YGAN,yes,,,COLOR values that may not be colours: Bloodline Black (1 Pack) | Bloodline Black (2 Pack) | Bloodline Black + Honeycomb (2 Pack)
child_without_asin,ZG-HLPC-YGAN,yes,,Ps5-2pck-Rmot-(Spidr+Venom),id type=GTIN Exempt
child_without_asin,ZG-HLPC-YGAN,yes,,Ps5-Rmot-(Venom),id type=GTIN Exempt
label_review_hint,ZG-QL2B-3VY0,no,,,COLOR values that may not be colours: Black+Grey+Blue (3 Pack) | Black+Grey+Blue+White (4 Pack) | Black+Grey+White (3 Pack)
duplicate_combination,ZK-N65D-98J3,no,B0DH8N611T B0DH8N611T,iwX-46mm-iBUM-BLK wX-46mm-iBUM-BLK,values=Black | 46 MM
asin_repeated_in_family,ZK-N65D-98J3,no,B0DH8N611T,,2 child rows share this ASIN
duplicate_combination,ZP-XCWI-SJER,no,B0DFD661VJ B0DFD661VJ,E8-K05G-ZGJ4 W7-Ultra-Trail-(Night,values=Dark Grey
asin_repeated_in_family,ZP-XCWI-SJER,no,B0DFD661VJ,,2 child rows share this ASIN
label_review_hint,ch-wire-New-M,no,,,COLOR values that may not be colours: 2 Pack Marshall + Teal Switch
simple_mode_family,131- Leather,no,,,temporary single-selector fallback; reasons: duplicate_combination
simple_mode_family,22mm chain,no,,,temporary single-selector fallback; reasons: theme_conflict
simple_mode_family,22mm-Steel-2,no,,,temporary single-selector fallback; reasons: duplicate_combination
simple_mode_family,22mm.chain .strap,no,,,temporary single-selector fallback; reasons: missing_value
simple_mode_family,Boat xtend chain,no,,,temporary single-selector fallback; reasons: theme_conflict
simple_mode_family,Bum-Bag-2.0,no,,,"temporary single-selector fallback; reasons: asin_repeated_in_family, duplicate_combination"
simple_mode_family,CC-NZFQ-44ZJ,no,,,temporary single-selector fallback; reasons: theme_conflict
simple_mode_family,Galaxy Watch 4 (Silicon),no,,,"temporary single-selector fallback; reasons: asin_repeated_in_family, duplicate_combination, missing_value"
simple_mode_family,Realme Band 2,no,,,"temporary single-selector fallback; reasons: asin_repeated_in_family, missing_value"
simple_mode_family,Realme band 2,no,,,temporary single-selector fallback; reasons: missing_value
simple_mode_family,TH-8TP4-YYNH,no,,,temporary single-selector fallback; reasons: missing_value
simple_mode_family,W7-Chain-All,no,,,"temporary single-selector fallback; reasons: asin_repeated_in_family, duplicate_combination"
simple_mode_family,X4-9E5H-0AXM,no,,,temporary single-selector fallback; reasons: asin_repeated_in_family
simple_mode_family,Y8-ES7D-ZW0E,no,,,temporary single-selector fallback; reasons: asin_repeated_in_family
simple_mode_family,ZK-N65D-98J3,no,,,"temporary single-selector fallback; reasons: asin_repeated_in_family, duplicate_combination"
simple_mode_family,ZP-XCWI-SJER,no,,,"temporary single-selector fallback; reasons: asin_repeated_in_family, duplicate_combination"
removed_on_amazon,25W-Sam-Charger-1,no,B0DBW5QJPT,25W-New-Bow-Purple,hide=yes
duplicate_asin_not_refreshed,ch-wire-New-M,no,B0CP1F6FFT,Ch-Wire-(Unbeat-1,products.csv row left exactly as it was
duplicate_asin_not_refreshed,CC-NZFQ-44ZJ,no,B0C676ZBGH,Charger-(Blue-shinchn,products.csv row left exactly as it was
duplicate_asin_not_refreshed,9R-P5CP-7QEK,no,B0C676ZBGH,Charger-(Blue-shinchn.,products.csv row left exactly as it was
no_asin_in_products_csv,Charger-(Cookies)WCabl,no,,Charger-(Cookies)WCabl,hide=yes
duplicate_asin_not_refreshed,CC-NZFQ-44ZJ,no,B0C679JWX5,Charger-(Purple-Cat,products.csv row left exactly as it was
duplicate_asin_not_refreshed,9R-P5CP-7QEK,no,B0C679JWX5,Charger-(Purple-Cat.,products.csv row left exactly as it was
duplicate_asin_not_refreshed,CC-NZFQ-44ZJ,no,B0C67LQDBS,Charger-Case(BlkCat,products.csv row left exactly as it was
duplicate_asin_not_refreshed,9R-P5CP-7QEK,no,B0C67LQDBS,Charger-Case(BlkCat.,products.csv row left exactly as it was
duplicate_asin_not_refreshed,9R-P5CP-7QEK,no,B0C67H66BC,Charger-Case(MouseX.,products.csv row left exactly as it was
duplicate_asin_not_refreshed,CC-NZFQ-44ZJ,no,B0C67H66BC,Charger-Case(MouseXX,products.csv row left exactly as it was
duplicate_asin_not_refreshed,CC-NZFQ-44ZJ,no,B0C67LFBSX,Charger-Case(PinkCat,products.csv row left exactly as it was
duplicate_asin_not_refreshed,9R-P5CP-7QEK,no,B0C67LFBSX,Charger-Case(PinkCat.,products.csv row left exactly as it was
duplicate_asin_not_refreshed,CC-NZFQ-44ZJ,no,B0C676ZHTB,Charger-Case(Red.Bnd,products.csv row left exactly as it was
duplicate_asin_not_refreshed,9R-P5CP-7QEK,no,B0C676ZHTB,Charger-Case(Red.Bnd.,products.csv row left exactly as it was
duplicate_asin_not_refreshed,CC-NZFQ-44ZJ,no,B0C67LXV8L,Charger-Case(Shark,products.csv row left exactly as it was
duplicate_asin_not_refreshed,9R-P5CP-7QEK,no,B0C67LXV8L,Charger-Case(Shark.,products.csv row left exactly as it was
duplicate_asin_not_refreshed,CC-NZFQ-44ZJ,no,B0C676S5JP,Charger-Case-(Burger,products.csv row left exactly as it was
duplicate_asin_not_refreshed,9R-P5CP-7QEK,no,B0C676S5JP,Charger-Case-(Burger.,products.csv row left exactly as it was
duplicate_asin_not_refreshed,ch-wire-New-M,no,B0CP1D3N2P,Charger-Case-(Con.Blk-1,products.csv row left exactly as it was
duplicate_asin_not_refreshed,CC-NZFQ-44ZJ,no,B0C67LXHV9,Charger-Case-(Doremon,products.csv row left exactly as it was
duplicate_asin_not_refreshed,9R-P5CP-7QEK,no,B0C67LXHV9,Charger-Case-(Doremon.,products.csv row left exactly as it was
duplicate_asin_not_refreshed,CC-NZFQ-44ZJ,no,B0CBTY3FBN,Charger-Case-(Kakashi,products.csv row left exactly as it was
duplicate_asin_not_refreshed,9R-P5CP-7QEK,no,B0CBTY3FBN,Charger-Case-(Kakashi.,products.csv row left exactly as it was
duplicate_asin_not_refreshed,CC-NZFQ-44ZJ,no,B0C67MT63P,Charger-Case-(Micky,products.csv row left exactly as it was
duplicate_asin_not_refreshed,9R-P5CP-7QEK,no,B0C67MT63P,Charger-Case-(Micky.,products.csv row left exactly as it was
duplicate_asin_not_refreshed,CC-NZFQ-44ZJ,no,B0C679K8HP,Charger-Case-(Minion,products.csv row left exactly as it was
duplicate_asin_not_refreshed,9R-P5CP-7QEK,no,B0C679K8HP,Charger-Case-(Minion.,products.csv row left exactly as it was
duplicate_asin_not_refreshed,CC-NZFQ-44ZJ,no,B0CBTZPBH9,Charger-Case-(PinkCup),products.csv row left exactly as it was
duplicate_asin_not_refreshed,9R-P5CP-7QEK,no,B0CBTZPBH9,Charger-Case-(PinkCup.,products.csv row left exactly as it was
duplicate_asin_not_refreshed,CC-NZFQ-44ZJ,no,B0C67ND8Q6,Charger-Case-(Pooh,products.csv row left exactly as it was
duplicate_asin_not_refreshed,9R-P5CP-7QEK,no,B0C67ND8Q6,Charger-Case-(Pooh.,products.csv row left exactly as it was
duplicate_asin_not_refreshed,CC-NZFQ-44ZJ,no,B0C67L8LDX,Charger-Case-(RedShinchn,products.csv row left exactly as it was
duplicate_asin_not_refreshed,9R-P5CP-7QEK,no,B0C67L8LDX,Charger-Case-(RedShinchn.,products.csv row left exactly as it was
duplicate_asin_not_refreshed,CC-NZFQ-44ZJ,no,B0CBTWWN7M,Charger-Case-(Sonic,products.csv row left exactly as it was
duplicate_asin_not_refreshed,9R-P5CP-7QEK,no,B0CBTWWN7M,Charger-Case-(Sonic.,products.csv row left exactly as it was
duplicate_asin_not_refreshed,CC-NZFQ-44ZJ,no,B0CBTXVM8Y,Charger-Case-(Unbeat,products.csv row left exactly as it was
duplicate_asin_not_refreshed,9R-P5CP-7QEK,no,B0CBTXVM8Y,Charger-Case-(Unbeat.,products.csv row left exactly as it was
duplicate_asin_not_refreshed,CC-NZFQ-44ZJ,no,B0C676C19C,Charger-Case-(White.Cat,products.csv row left exactly as it was
duplicate_asin_not_refreshed,9R-P5CP-7QEK,no,B0C676C19C,Charger-Case-(White.Cat.,products.csv row left exactly as it was
duplicate_asin_not_refreshed,CC-NZFQ-44ZJ,no,B0C67R8G63,Chrger-(Minnie+Micky,products.csv row left exactly as it was
duplicate_asin_not_refreshed,9R-P5CP-7QEK,no,B0C67R8G63,Chrger-(Minnie+Micky.,products.csv row left exactly as it was
no_asin_in_products_csv,MEYAAR_ip_Parent-1,no,,MEYAAR_ip 11,hide=yes
no_asin_in_products_csv,MEYAAR_ip_Parent-1,no,,"MEYAAR_ip 12, ip 12 Pro",hide=yes
no_asin_in_products_csv,MEYAAR_ip_Parent-1,no,,MEYAAR_ip 14 Plus,hide=yes
no_asin_in_products_csv,MEYAAR_ip_Parent-1,no,,MEYAAR_ip 14 Pro,hide=yes
no_asin_in_products_csv,MEYAAR_ip_Parent-1,no,,MEYAAR_ip 14 Pro Max,hide=yes
no_asin_in_products_csv,MEYAAR_ip_Parent-1,no,,MEYAAR_ip 15 Plus,hide=yes
no_asin_in_products_csv,MEYAAR_ip_Parent-1,no,,MEYAAR_ip 15 Pro,hide=yes
no_asin_in_products_csv,MEYAAR_ip_Parent-1,no,,MEYAAR_ip 15 Pro Max,hide=yes
no_asin_in_products_csv,MEYAAR_ip_Parent-1,no,,MEYAAR_ip XR,hide=yes
duplicate_asin_not_refreshed,Sam-25W-(Con.Blk),no,B0CP1D3N2P,Sam-25W-(Con.Blk),products.csv row left exactly as it was
duplicate_asin_not_refreshed,Sam-25W-(Unbeat),no,B0CP1F6FFT,Sam-25W-(Unbeat),products.csv row left exactly as it was
no_asin_in_products_csv,34-PPD9-CMAK,no,,Ch-Wire-(Marshall//,hide=yes
duplicate_asin_not_refreshed,Charger-Case-(Burger),no,B0BZ7NTJ6D,Charger-Case-(Burger),products.csv row left exactly as it was
duplicate_asin_not_refreshed,Charger-Without-Cable,no,B0BZ7NTJ6D,Charger-Case-(Burger1,products.csv row left exactly as it was
duplicate_asin_not_refreshed,Charger-Without-Cable,no,B0BYW4XC7Q,Charger-Case-(NightFury),products.csv row left exactly as it was
duplicate_asin_not_refreshed,Charger-Case-(NightFury1,no,B0BYW4XC7Q,Charger-Case-(NightFury1,products.csv row left exactly as it was
duplicate_asin_not_refreshed,Chrger-(Minnie+Micky),no,B0BZDSBJX8,Chrger-(Minnie+Micky),products.csv row left exactly as it was
duplicate_asin_not_refreshed,Charger-Without-Cable,no,B0BZDSBJX8,Chrger-(Minnie+Micky1,products.csv row left exactly as it was
no_asin_in_products_csv,Charger-Without-Cable,no,,Chrger-(Yoda)),hide=yes
no_asin_in_products_csv,K8-K9-Wireless-Mic,no,,K8-Mic,hide=yes
no_asin_in_products_csv,22mm-Chain-N,no,,22mm-Chain-(Grey,hide=yes
no_asin_in_products_csv,22mm-Silicone1,no,,22mm-Silicone-(Blue,hide=yes
no_asin_in_products_csv,22mm-Silicone,no,,22mm-Silicone-(Blue),hide=yes
no_asin_in_products_csv,22mm-Silicone3,no,,22mm-Silicone-(Blue},hide=yes
no_asin_in_products_csv,22mm-Silicone1,no,,22mm-Silicone-(Grey,hide=yes
no_asin_in_products_csv,22mm-Silicone,no,,22mm-Silicone-(Grey),hide=yes
no_asin_in_products_csv,22mm-Silicone3,no,,22mm-Silicone-(Grey},hide=yes
no_asin_in_products_csv,22mm-Steel-3,no,,22mm-Steel-(BLK!,hide=yes
no_asin_in_products_csv,2Pro.Wcase+22mmSteel,no,,22mm-Steel-(BLK)),hide=yes
no_asin_in_products_csv,Phenix.Wcase+22mmSteel,no,,22mm-Steel-(BLK))2,hide=yes
no_asin_in_products_csv,22mm-Steel-4,no,,22mm-Steel-(BLK£,hide=yes
no_asin_in_products_csv,22mm-Steel-3,no,,22mm-Steel-(Gold!,hide=yes
no_asin_in_products_csv,2Pro.Wcase+22mmSteel,no,,22mm-Steel-(Gold)),hide=yes
no_asin_in_products_csv,Phenix.Wcase+22mmSteel,no,,22mm-Steel-(Gold))2,hide=yes
no_asin_in_products_csv,22mm-Steel-4,no,,22mm-Steel-(Gold£,hide=yes
no_asin_in_products_csv,22mm-Steel-3,no,,22mm-Steel-(Silver!,hide=yes
no_asin_in_products_csv,2Pro.Wcase+22mmSteel,no,,22mm-Steel-(Silver)),hide=yes
no_asin_in_products_csv,Phenix.Wcase+22mmSteel,no,,22mm-Steel-(Silver))2,hide=yes
no_asin_in_products_csv,22mm-Steel-4,no,,22mm-Steel-(Silver£,hide=yes
no_asin_in_products_csv,22mm-Steel-3,no,,"22mm-Steel-(Slver,Blk!",hide=yes
no_asin_in_products_csv,2Pro.Wcase+22mmSteel,no,,"22mm-Steel-(Slver,Blk))",hide=yes
no_asin_in_products_csv,Phenix.Wcase+22mmSteel,no,,"22mm-Steel-(Slver,Blk))2",hide=yes
no_asin_in_products_csv,22mm-Steel-2,no,,"22mm-Steel-(Slver,Blk@",hide=yes
no_asin_in_products_csv,22mm-Steel-4,no,,"22mm-Steel-(Slver,Blk£",hide=yes
no_asin_in_products_csv,23mm.Wcase+23mmSteel,no,,23mm-Steel-(BLK),hide=yes
no_asin_in_products_csv,23mm.Wcase+23mmSteel,no,,23mm-Steel-(Gold),hide=yes
no_asin_in_products_csv,23mm.Wcase+23mmSteel,no,,23mm-Steel-(Silver),hide=yes
no_asin_in_products_csv,23mm.Wcase+23mmSteel,no,,"23mm-Steel-(Slver,Blk)",hide=yes
no_asin_in_products_csv,24mm-Silicone5,no,,24mm-Silicone-(Blue5,hide=yes
no_asin_in_products_csv,24mm-Silicone5,no,,24mm-Silicone-(Grey5,hide=yes
no_asin_in_products_csv,2Pro.Wcase+22mmSteel,no,,2Pro.BlK+22mmSteel-BLK,hide=yes
no_asin_in_products_csv,2Pro.Wcase+22mmSteel,no,,2Pro.BlK+22mmSteel-DualC,hide=yes
no_asin_in_products_csv,2Pro.Wcase+22mmSteel,no,,2Pro.BlK+22mmSteel-GOLD,hide=yes
no_asin_in_products_csv,2Pro.Wcase+22mmSteel,no,,2Pro.BlK+22mmSteel-SLVR,hide=yes
no_asin_in_products_csv,2Pro.Wcase+22mmSteel,no,,2Pro.CLear+22mmSteel-Dual,hide=yes
no_asin_in_products_csv,2Pro.Wcase+22mmSteel,no,,2Pro.Clear+22mmSteel-BLK,hide=yes
no_asin_in_products_csv,2Pro.Wcase+22mmSteel,no,,2Pro.Clear+22mmSteel-GOLD,hide=yes
no_asin_in_products_csv,2Pro.Wcase+22mmSteel,no,,2Pro.Clear+22mmSteel-SLVR,hide=yes
no_asin_in_products_csv,Charger-LanaBel-(Purple-,no,,Charger-LanaBel-(Purple-,hide=yes
duplicate_asin_not_refreshed,Charger-StarBrown-W.Cbl,no,B0CR4J8B9B,Charger-StarBrown-W.Cbl,products.csv row left exactly as it was
no_asin_in_products_csv,Charger-StarBrown-W.Cble,no,,Charger-StarBrown-W.Cble,hide=yes
duplicate_asin_not_refreshed,9R-P5CP-7QEK,no,B0CR4J8B9B,Charger-StarBrown-WCble.,products.csv row left exactly as it was
no_asin_in_products_csv,Parent 2 In 1-ph-grip,yes,,Grip-Stand-Grey,hide=yes
no_asin_in_products_csv,K12-Speaker+mic,no,,K12-Speaker+mic,hide=yes
no_asin_in_products_csv,MEYAAR_Ap ip 16,no,,MEYAAR_Ap ip 16,hide=yes
no_asin_in_products_csv,MEYAAR_Ap ip 16 Pro,no,,MEYAAR_Ap ip 16 Pro,hide=yes
no_asin_in_products_csv,MEYAAR_Ap ip 16 Pro Max,no,,MEYAAR_Ap ip 16 Pro Max,hide=yes
no_asin_in_products_csv,MEYAAR_ip_Parent-1,no,,MEYAAR_ip 13,hide=yes
no_asin_in_products_csv,MEYAAR_ip_Parent-1,no,,MEYAAR_ip 14,hide=yes
no_asin_in_products_csv,"MEYAAR_ip 14, ip 13",no,,"MEYAAR_ip 14, ip 13",hide=yes
no_asin_in_products_csv,MEYAAR_ip_Parent-1,no,,MEYAAR_ip 15,hide=yes
no_asin_in_products_csv,MEYAAR_ip_Parent-1,no,,MEYAAR_ip 16,hide=yes
no_asin_in_products_csv,MEYAAR_ip_Parent-1,no,,MEYAAR_ip 16 Plus,hide=yes
no_asin_in_products_csv,MEYAAR_ip_Parent-1,no,,MEYAAR_ip 16 Pro,hide=yes
no_asin_in_products_csv,MEYAAR_ip_Parent-1,no,,MEYAAR_ip 16 Pro Max,hide=yes
no_asin_in_products_csv,Phenix.Wcase+22mmSteel,no,,Phenx.BlK+22mmSteel-BLK,hide=yes
no_asin_in_products_csv,Phenix.Wcase+22mmSteel,no,,Phenx.BlK+22mmSteel-DualC,hide=yes
no_asin_in_products_csv,Phenix.Wcase+22mmSteel,no,,Phenx.BlK+22mmSteel-GOLD,hide=yes
no_asin_in_products_csv,Phenix.Wcase+22mmSteel,no,,Phenx.BlK+22mmSteel-SLVR,hide=yes
no_asin_in_products_csv,Phenix.Wcase+22mmSteel,no,,Phenx.CLer+22mmSteel-BLK,hide=yes
no_asin_in_products_csv,Phenix.Wcase+22mmSteel,no,,Phenx.CLer+22mmSteel-Dual,hide=yes
no_asin_in_products_csv,Phenix.Wcase+22mmSteel,no,,Phenx.CLer+22mmSteel-GOLD,hide=yes
no_asin_in_products_csv,Phenix.Wcase+22mmSteel,no,,Phenx.CLer+22mmSteel-SLVR,hide=yes
no_asin_in_products_csv,Airpods-1/2,no,,Rainbow-Horizontal,hide=yes
no_asin_in_products_csv,Realme_Watch_2.Pro(Black),no,,Realme_Watch_2.Pro(Black),hide=yes
no_asin_in_products_csv,Realme_Watch_S(Pro).(Black),no,,Realme_Watch_S(Pro).(Black),hide=yes
no_asin_in_products_csv,Airpods-1/2,no,,Spider-(Red)-WT,hide=yes
no_asin_in_products_csv,23mm.Wcase+23mmSteel,no,,XT.C.BlK+23mmSteel-BLK,hide=yes
no_asin_in_products_csv,23mm.Wcase+23mmSteel,no,,XT.C.BlK+23mmSteel-DualC,hide=yes
no_asin_in_products_csv,23mm.Wcase+23mmSteel,no,,XT.C.BlK+23mmSteel-GOLD,hide=yes
no_asin_in_products_csv,23mm.Wcase+23mmSteel,no,,XT.C.BlK+23mmSteel-SLVR,hide=yes
no_asin_in_products_csv,23mm.Wcase+23mmSteel,no,,XT.C.CLear+23mmSteel-Dual,hide=yes
no_asin_in_products_csv,23mm.Wcase+23mmSteel,no,,XT.C.Clear+23mmSteel-BLK,hide=yes
no_asin_in_products_csv,23mm.Wcase+23mmSteel,no,,XT.C.Clear+23mmSteel-GOLD,hide=yes
no_asin_in_products_csv,23mm.Wcase+23mmSteel,no,,XT.C.Clear+23mmSteel-SLVR,hide=yes
no_asin_in_products_csv,57-REOE-YGFF,no,,iphone-13-(Clear.,hide=yes
no_asin_in_products_csv,57-REOE-YGFF,no,,iphone-13-(Clear..,hide=yes
no_asin_in_products_csv,57-REOE-YGFF,no,,iphone-15-(Clear.,hide=yes
no_asin_in_products_csv,AirPodsPro3-01,yes,,P3-Wine+Pen,hide=yes
duplicate_asin_not_refreshed,VT-ENLO-P13Z,no,B0FVHX6G1N,Pro3-(Lock-Blk,products.csv row left exactly as it was
duplicate_asin_not_refreshed,VT-ENLO-P13Z,no,B0FVHDYYYJ,Pro3-(Lock-Clear,products.csv row left exactly as it was
duplicate_asin_not_refreshed,VT-ENLO-P13Z,no,B0FVJ6PH8R,Pro3-(Lock-Pink,products.csv row left exactly as it was
no_asin_in_products_csv,ZG-HLPC-YGAN,yes,,Ps5-2pck-Rmot-(Spidr+Venom),hide=yes
no_asin_in_products_csv,ZG-HLPC-YGAN,yes,,Ps5-Rmot-(Venom),hide=yes
duplicate_asin_not_refreshed,CC-NZFQ-44ZJ,no,B0C67HPKJP,Charger-Case-(NightFury,products.csv row left exactly as it was
removed_on_amazon,RB-2-strap-All,no,B0B5B6S8NR,18MM_(BLACK)_Magnet,hide=yes
duplicate_asin_not_refreshed,Realme Band 2,no,B0B64S2WLW,18mm-RB-2(Silicone)-(WHITE),products.csv row left exactly as it was
duplicate_asin_not_refreshed,Realme Band 2,no,B0B64S2WLW,18mm-RB-2(Silicone)-(WHITE.,products.csv row left exactly as it was
no_asin_in_products_csv,19mm-Chaiin-(BLK),no,,19mm-Chaiin-(BLK),hide=yes
no_asin_in_products_csv,19mm-Chaiin-(PINK),no,,19mm-Chaiin-(PINK),hide=yes
no_asin_in_products_csv,20mm-Chain-Strap,no,,20mm-Chain-(Black),hide=yes
duplicate_asin_not_refreshed,22mm chain,no,B0B1Q5C77R,22mm-Chain-(Black),products.csv row left exactly as it was
duplicate_asin_not_refreshed,22mm chain,no,B0B1Q5C77R,22mm-Chain-Magnetic-(Black),products.csv row left exactly as it was
no_asin_in_products_csv,22mm-Steel-2,no,,22mm-Metal-(BLK1,hide=yes
no_asin_in_products_csv,22mm-Steel-2,no,,22mm-Metal-(Silver1,hide=yes
no_asin_in_products_csv,22mm-Steel-2,no,,22mm-Steel-(BLK@,hide=yes
no_asin_in_products_csv,22mm-Steel-2,no,,22mm-Steel-(Silver@,hide=yes
no_asin_in_products_csv,23mm-Steel-3,no,,23mm-Steel-(BLK,hide=yes
no_asin_in_products_csv,23mm-Steel-3,no,,23mm-Steel-(Gold,hide=yes
no_asin_in_products_csv,23mm-Steel-3,no,,23mm-Steel-(Silver,hide=yes
no_asin_in_products_csv,23mm-Steel-3,no,,"23mm-Steel-(Slver,Blk",hide=yes
duplicate_asin_not_refreshed,Galaxy Watch 4 (Silicon),no,B09ZMXZFDD,Galaxy_Watch.4_Silicon.strap-(Black),products.csv row left exactly as it was
duplicate_asin_not_refreshed,Galaxy Watch 4 (Silicon),no,B09ZMZFXXH,Galaxy_Watch.4_Silicon.strap-(Grey),products.csv row left exactly as it was
duplicate_asin_not_refreshed,Galaxy Watch 4 (Silicon),no,B09ZMZD8Z5,Galaxy_Watch.4_Silicon.strap-(Off.pink),products.csv row left exactly as it was
no_asin_in_products_csv,22mm chain,no,,RW2Pro.BLK+22-Chn-SLVR,hide=yes
no_asin_in_products_csv,22mm chain,no,,RW2Pro.Clear+22-Chn-Blk,hide=yes
no_asin_in_products_csv,22mm chain,no,,RW2Pro.Clear+22-Chn-SLVR,hide=yes
no_asin_in_products_csv,Small-19mm-Chn-(Blue),no,,Small-19mm-Chn-(Blue),hide=yes
no_asin_in_products_csv,Small-19mm-Chn-(PINK),no,,Small-19mm-Chn-(PINK),hide=yes
duplicate_asin_not_refreshed,Galaxy Watch 4 (Silicon),no,B09ZMXZFDD,W-4-Soft.strap-(BLK),products.csv row left exactly as it was
duplicate_asin_not_refreshed,Galaxy Watch 4 (Silicon),no,B09ZMZFXXH,W-4-Soft.strap-(Grey),products.csv row left exactly as it was
duplicate_asin_not_refreshed,Galaxy Watch 4 (Silicon),no,B09ZMZD8Z5,W-4-Soft.strap-(Pink,products.csv row left exactly as it was
duplicate_asin_not_refreshed,W7-Steel-BLK,no,B0DCTQZ6G7,W7-Steel-BLK,products.csv row left exactly as it was
duplicate_asin_not_refreshed,47mm-Ultra-Steel.1,no,B0DCTQZ6G7,W7-Steel-BLK.,products.csv row left exactly as it was
not_in_report,Pro3-Premium-Vodka/,yes,B0GSQSPFMJ,Pro3-Premium-Vodka/,hide=no | kept unchanged
not_in_report,Ps5-Rmot-CAMO-BLK,yes,B0GFPLJM63,Ps5-Rmot-CAMO-BLK,hide=no | kept unchanged
not_in_report,P3-SLATE.BLU+Pen,yes,B0GSK9912T,P3-SLATE.BLU+Pen,hide=no | kept unchanged
not_in_report,P3-Wine+Pen,yes,B0GSK9V3PM,P3-Wine+Pen,hide=no | kept unchanged
not_in_report,P3-Pista+Pen,yes,B0GSKNS4GM,P3-Pista+Pen,hide=no | kept unchanged
not_in_report,Pro-3-Xbox-BLK,yes,B0GQVCQZXD,Pro-3-Xbox-BLK,hide=no | kept unchanged
duplicate_asin_not_refreshed,iwX-46mm-iBUM-BLK,yes,B0DH8N611T,iwX-46mm-iBUM-BLK,products.csv row left exactly as it was
not_in_report,2in1-C-46mm,yes,B0DM9PRG4Y,2in1-C-46mm,hide=no | kept unchanged
not_in_report,pro-3-Pokeball,yes,B0GSR1S2G7,pro-3-Pokeball,hide=no | kept unchanged
not_in_report,2nd-pro-HP-(Peach.Kity/,yes,B0DHH45TTB,2nd-pro-HP-(Peach.Kity/,hide=no | kept unchanged
not_in_report,,,B0FR4SK66K,,hide=no | kept unchanged
not_in_report,PS5-Doc-ANT-Pro-(Wht),yes,B0HBWN5HJ6,PS5-Doc-ANT-Pro-(Wht),hide=no | kept unchanged
not_in_report,Magic.Sponge-5Pack,no,B0HHP86RNM,Magic.Sponge-5Pack,hide=yes | kept unchanged
not_in_report,Ps5-Rmot-(Venom),yes,B0HJ1PLTZQ,Ps5-Rmot-(Venom),hide=no | kept unchanged
not_in_report,Ps5-2pck-Rmot-(Spidr+Venom),yes,B0HJ1PPBJ3,Ps5-2pck-Rmot-(Spidr+Venom),hide=no | kept unchanged
hidden_in_listed_family,Parent 2 In 1-ph-grip,yes,,Grip-Stand-Grey,"status=- | not shown: no ASIN or not Active in the report | Meyaar 2 in 1 Silicone Sticky Phone Grip with Suction Cup and Bracket,Phone Acce"
hidden_in_listed_family,AirPodsPro3-01,yes,,P3-Wine+Pen,"status=- | not shown: no ASIN or not Active in the report | Meyaar Soft Silicone Case for AirPods Pro 3 (2025), Wine Red"
hidden_in_listed_family,ZG-HLPC-YGAN,yes,,Ps5-2pck-Rmot-(Spidr+Venom),"status=- | not shown: no ASIN or not Active in the report | Meyaar Silicone Cover for PS5 Controller, Black + Bloodline Black (2 Pack)"
hidden_in_listed_family,ZG-HLPC-YGAN,yes,,Ps5-Rmot-(Venom),"status=- | not shown: no ASIN or not Active in the report | Meyaar Silicone Cover for PS5 Controller, Black"
