key,value
hero_line1,Thoughtfully
hero_line2,designed.
hero_line3,Quality for you.
hero_sub,"Bags, tech, audio and everyday accessories that combine quality, innovation, durability and style. Discover the range here — buy it on Amazon."
featured_heading,The ones people keep coming back for.
categories_heading,"Every category, one standard."
categories_sub,"Whatever the shelf, the brief is the same — solve a real everyday annoyance, build it to last, and price it honestly."
trust_items,Sold & fulfilled by Amazon | 10 lakh+ units delivered | 4.2 average rating | 1000+ products | Designed in India | Bulk & corporate supply
stat1_value,2019
stat1_label,Founded
stat2_value,1000+
stat2_label,Products
stat3_value,10 Lakh+
stat3_label,Units delivered
stat4_value,4.2
stat4_label,Average rating
why1_title,10 lakh+ units delivered
why1_text,"Since 2019, across a catalogue of more than a thousand products."
why2_title,4.2 average rating
why2_text,"Across the Meyaar catalogue on Amazon India. Every review, good or bad, feeds the next revision."
why3_title,Sold & fulfilled by Amazon
why3_text,"Fast delivery, Amazon's returns window, and a purchase trail you already trust. No new account needed."
why4_title,Support that answers
why4_text,"A real inbox, monitored by the team that ships the product."
about_heading,Quality for you.
about_short,"Meyaar creates thoughtfully designed accessories that combine quality, innovation, durability and style to enhance everyday life."
story,"Meyaar was never built by one person. It grew from the people around me who believed in the idea from the very beginning.|A friend first suggested that I start this business and supported me through the early operational challenges. My brother gave the brand its name — Meyaar. My wife, who was my girlfriend at the time, encouraged me to build something of my own and stood by me throughout the initial journey. My parents were also actively involved, helping with the day-to-day operations and every challenge along the way.|What started as an idea slowly became a shared journey. Meyaar is not just my brand — it is a brand built with the support, trust and contribution of the people who stood beside me."
purpose_heading,"Great accessories should empower, not complicate."
purpose,"We believe great accessories should empower, not complicate — combining functionality, innovation and style to create products that truly matter."
bulk_heading,Buying for a team or gifting at scale?
bulk_text,"We supply Meyaar products at volume for employee gifting, onboarding kits, conference giveaways, resellers and institutional buyers — with GST invoicing and custom packaging on request."
legal_name,Meyaar Products
address,"B-565 Bindapur DDA Flats Pocket-3, Uttam Nagar, New Delhi 110059"
gstin,07KXLPS3910M1ZP
support_email,meyaar.customer@gmail.com
bulk_email,meyaar.instant@gmail.com
business_hours,"Mon–Sat, 10:00 AM – 6:00 PM"
instagram,https://www.instagram.com/meyaar.in
facebook,https://www.facebook.com/share/19RDDbDvDv/
map_url,https://share.google/vsgXaHe2xeuxrfXdU
amazon_store_url,https://www.amazon.in/s?k=meyaar
form_endpoint,
privacy,"We do not sell, share or use your personal data for any purpose other than responding to you. If you send us an enquiry, we use your name, email and phone number only to reply to that enquiry. Purchases happen on Amazon, under Amazon's own privacy policy — we never see your payment details."
terms,"All products shown here are sold and fulfilled by Amazon India. Prices, availability, delivery estimates and returns are governed by Amazon at the time of purchase. Product images and descriptions are provided for reference and may be updated without notice."
warranty,"Meyaar products carry the manufacturer warranty stated on the product's Amazon listing. For a warranty claim, email meyaar.customer@gmail.com with your Amazon order ID and a short description of the issue."
